file_name,feature_0,feature_1,feature_2,feature_3,feature_4,feature_5,feature_6,feature_7,feature_8,feature_9,feature_10,feature_11,feature_12,feature_13,feature_14,feature_15,feature_16,feature_17,feature_18,feature_19,feature_20,feature_21,feature_22,feature_23,feature_24
bongo-1.wav,-0.9756191739962051,0.12967473107683228,-0.19381814564287514,-0.25276354665816003,-0.2835511335185145,-0.2639340612723627,-0.2864730031621648,-0.28554838123547766,-0.3086576543133738,-0.30009012517155287,-0.294717338465576,-0.2849046274917302,-0.28247791052513926,-0.2831676667344824,-0.2798699580165333,-0.2828635299143722,-0.27088446246985337,-0.26995666957297915,-0.2571456213325347,-0.2525579260657181,-0.24288917809057495,2.4428840133449845,4.0649485335305515,-0.2426738185943893,-0.24294334570779905
bongo-2.wav,-0.818413782043074,0.009049295849807971,-0.24052512246239452,-0.2656025782896355,-0.28856776270744877,-0.2723314659094808,-0.29152484639933374,-0.2863761419299776,-0.29925944197217025,-0.2883425769266073,-0.2868900293810936,-0.27758275299038704,-0.27544323165308665,-0.27643232198068435,-0.2727597258553341,-0.2763452254409419,-0.26577996254875047,-0.26576773217497907,-0.25699820842841237,-0.25570023292246524,-0.24905957473375734,2.336507854101665,4.162227462138232,-0.2489684485657644,-0.24911344677392622
bongo-3.wav,-0.7127476233486855,-0.0457399103808971,-0.2635220481242614,-0.27430888277349863,-0.2884825716184898,-0.27138429821328436,-0.2888372914669539,-0.28371076881620627,-0.2928409098259773,-0.27997805360248773,-0.27991298112008484,-0.2771043896651629,-0.2766469133575912,-0.2757632735308166,-0.2700479075127422,-0.27322185375795416,-0.26717018486230226,-0.269313785571487,-0.2606073808645611,-0.2594105581598257,-0.25359148335834575,2.2376084946312718,4.233916109006396,-0.2535416099100229,-0.25363992379602995
bongo-4.wav,-0.8320623978584487,0.05685070579528015,-0.2520983299068234,-0.26987328240674074,-0.29523281636293247,-0.27116736580066847,-0.3018468614520646,-0.291021892893824,-0.3040465705663562,-0.286679734960033,-0.2901825922488373,-0.28428863386825876,-0.2818183677576637,-0.27783922721633175,-0.27005241973734706,-0.276766049379289,-0.26888814963487456,-0.2735002865846088,-0.25848010611198624,-0.25595863889785847,-0.25036800771771534,2.443700765270288,4.092266498391405,-0.25022324273018076,-0.2504229953641298
bongo-5.wav,-0.8316643669792174,0.07763951322822317,-0.25068420734878155,-0.26340150425075953,-0.2976013559724525,-0.2741223308375262,-0.30568482258177515,-0.292560119809638,-0.3064158448744948,-0.28852682624739395,-0.29348531287125446,-0.2896868958664583,-0.28715231989488216,-0.2794013179080386,-0.26855580669407086,-0.27490514245871567,-0.2671005558556065,-0.27396490110581634,-0.2601475366167161,-0.25911476046148674,-0.2509491537970862,2.4569626878503685,4.082301259662858,-0.2507741511197168,-0.25100422718956167
bongo-6.wav,-0.7359704736644382,0.025955922819232768,-0.2735780059465082,-0.2779185846364939,-0.29839905013296697,-0.27408074080002043,-0.3008266883289602,-0.291328412962026,-0.30462405791605035,-0.28551651215417045,-0.28454764935395516,-0.28041150186944136,-0.2830220860343832,-0.28301549613511984,-0.2751746771985003,-0.2788650421072325,-0.27081731542261056,-0.2745825096379363,-0.261599756971561,-0.26076296441228264,-0.2543904141717135,2.3987843239092146,4.133402467331933,-0.25426700122198614,-0.2544437729820235
bongo-7.wav,-0.6981937757384721,-0.02720814887238489,-0.2791918500947923,-0.27690675633636797,-0.29814465129315787,-0.27846077975107236,-0.2985097135681922,-0.28661814865722424,-0.2952493827014997,-0.2795723772219678,-0.28201055443850004,-0.27733593413190566,-0.27709153936353076,-0.2755332880260167,-0.27170649713383555,-0.2782596775611341,-0.27060308246693976,-0.27374117231908296,-0.26195983951741364,-0.2593042937268313,-0.25537576913324656,2.3304348995811184,4.181285335513606,-0.2553124934437489,-0.25543050959740704
cajon-1.wav,-0.552029807332544,-0.22545739528812533,-0.2503775015762076,-0.23880627578634983,-0.2593656135868882,-0.2489067095713106,-0.26295294503957284,-0.26008636651108025,-0.25483919375346487,-0.26525461486143087,-0.2573025754044224,-0.26347519909840994,-0.26199370572993264,-0.26298209423245167,-0.2657069326743702,-0.26347833291273104,-0.2652831930640244,-0.26100263995853945,-0.26369585352819797,-0.2618754805101645,-0.26475196811202273,1.7486059749001865,4.490590264496203,-0.2647766362144424,-0.2647952046497057
cajon-2.wav,-0.5817937132163705,-0.20906999424881959,-0.24529110583553426,-0.22706860585805094,-0.25702934469966476,-0.24213097556597846,-0.2624933682966625,-0.25848845164947826,-0.25147388537626814,-0.26675560790412384,-0.2550195815025903,-0.26287949726084464,-0.2603969058273906,-0.2624735235777145,-0.2656907175398307,-0.2626463392095848,-0.26535550572595074,-0.2590236891735314,-0.26366966953454113,-0.2608469000223747,-0.2645597133975874,1.7078912278932192,4.5054294571923705,-0.2645678412267533,-0.2645957484359449
cajon-3.wav,-0.48707833371237363,-0.21116188903074934,-0.26883210904574767,-0.23815743935096953,-0.27612545738010397,-0.2620241669562928,-0.2671461804964504,-0.27162467814820607,-0.26483712887133126,-0.27421706156712045,-0.2611571210687628,-0.2670163607948312,-0.2677496268084506,-0.26666798317500434,-0.2720003458331256,-0.2678291771723457,-0.2679951250971074,-0.268415778522142,-0.27213060315437587,-0.27052537208155286,-0.2691291676682101,1.868962650343694,4.441205443916481,-0.2691566800809938,-0.26919030824392776
cajon-4.wav,-0.5555497838177879,-0.19124460027279883,-0.2442960774281257,-0.2306791152231587,-0.2687656564056881,-0.24826511158035094,-0.2636303752181234,-0.267737290156813,-0.2570232262557285,-0.26897661695770964,-0.2586799322202996,-0.26433978175978223,-0.2625202382649657,-0.26558730468089387,-0.2696293177216663,-0.26521013422711975,-0.2681609162703215,-0.2635152500624065,-0.26811783966915265,-0.26715044004392957,-0.2675242655663834,1.7716074224385034,4.480091390408585,-0.2675248954568797,-0.2675706435870031
cajon-5.wav,-0.5402066338452878,-0.1979352435945769,-0.2701877021811187,-0.22420338812204632,-0.2745788093406177,-0.2525914268670463,-0.26913935675573525,-0.2716931089095812,-0.2623278814182757,-0.2769271387051411,-0.26240633273616604,-0.2745919271709978,-0.2689316007578129,-0.27247467554160465,-0.2758431327296483,-0.26958886955291134,-0.27618452945200495,-0.2692003964810418,-0.2769340578074991,-0.2742640540563046,-0.2741082170013184,2.0122714506080306,4.370336573314364,-0.27411199124155394,-0.27417754965410385
castanet-1.wav,-0.6094325838756754,-0.2458449428428983,-0.2924933107944668,-0.26764876589229053,-0.2566642571522887,-0.24485014056182433,-0.2518521245236304,-0.2661153030282861,-0.269789430392511,-0.2575899010822951,-0.25603557605093163,-0.26597673719572745,-0.26468086039994754,-0.26367984051711896,-0.2692412012365863,-0.2625180683534472,-0.26257740307510175,-0.27013053321419156,-0.2678589000468652,-0.2657782291673618,-0.26700391765891834,2.0789517309990817,4.332919471605674,-0.2670500217932365,-0.2670591537491552
castanet-2.wav,-0.6022827223664627,-0.24030616121909532,-0.3055604441212219,-0.27157770709288065,-0.26043936130552287,-0.2407413756872729,-0.25068867717399507,-0.2665550561713954,-0.27234493568162477,-0.2577151362300577,-0.2554327018283198,-0.26771967497909377,-0.26475627227099874,-0.2638778133202894,-0.27065535312211536,-0.26315994939043125,-0.2631586466566192,-0.26931795566319777,-0.26781300534072544,-0.2672684696426279,-0.26690853126079617,2.099357072720247,4.322840149770342,-0.2669509328311697,-0.2669663391346751
castanet-3.wav,-0.6387541386841059,-0.22391148106438127,-0.33802450829612485,-0.28596281366709564,-0.26556325913015716,-0.23717188201667505,-0.24242616362753622,-0.2646429818743629,-0.278027964496406,-0.2589180968184685,-0.25211928319271804,-0.2690063452863032,-0.263276173673368,-0.26372445442278825,-0.2755448184457367,-0.2625291301715088,-0.2603021894079566,-0.27071975830197403,-0.269258633654218,-0.2684734436559239,-0.26808647467489805,2.259691656352285,4.233054604239711,-0.26814053464690846,-0.26816173138238103
castanet-4.wav,-0.5816094000976446,-0.2262392343498495,-0.34153461227503185,-0.2780546594006054,-0.2772370637123926,-0.23845319646855562,-0.2541282068240251,-0.26690660435498614,-0.2823964676874046,-0.2580609306804319,-0.2539986698227352,-0.2689536076630388,-0.2647120992726462,-0.26887767420731773,-0.2757862466926157,-0.26298649513363487,-0.2608381758505251,-0.27148774326849195,-0.2699337978247556,-0.2706823534576871,-0.26959671706984556,2.2250965670620064,4.256669226058743,-0.2696307495380173,-0.26966108746851025
clave-1.mp3,-0.8262515167133859,-0.1773099122273132,-0.29546402935245086,-0.2727929949461675,-0.2823234120333323,-0.27101640776236646,-0.24492847630856568,-0.23121488650399838,-0.23658122628185896,-0.24414490194874996,-0.25847384698199,-0.26787979757621927,-0.26532618431973654,-0.26008149955790055,-0.2548219283937848,-0.2542838042658004,-0.25807421213411585,-0.26081183727275425,-0.25685495956666526,-0.2573513901869402,-0.2592487917318629,2.2165633945204326,4.2372306533932145,-0.25930029754436174,-0.2592577343033269
clave-2.mp3,-0.7691673653588096,-0.2165059906076943,-0.2996184400757928,-0.2751774779704775,-0.24207804546669723,-0.2364726371795193,-0.2462304852278495,-0.2569721239273713,-0.2662192002516593,-0.2650790428063201,-0.25059851572681285,-0.24477848343858638,-0.25681303147262935,-0.2635855576520503,-0.2610019746576777,-0.26134017475849675,-0.2552263041739871,-0.25304738654279935,-0.26020516130220783,-0.2610295251209072,-0.259362037071482,2.1261224457210943,4.293231752107338,-0.25942356541654715,-0.2594216716220576
clave-3.mp3,-0.6996266331608949,-0.2245822806243651,-0.3339268728770985,-0.26773214646300747,-0.25382506578051783,-0.27011336972274924,-0.2656365032021142,-0.27206863364482226,-0.2561291209802039,-0.25312424684887297,-0.27517855035847577,-0.2664262620582244,-0.2574135712265549,-0.2648363887248996,-0.2682871139312526,-0.26770426394864905,-0.2675515598977479,-0.260511755129259,-0.26261422959092207,-0.2702912354014915,-0.2653839182828777,2.419997805204981,4.133915332772593,-0.26546809228427004,-0.26548132383830236
cow-bell-1.mp3,-0.8137046315629752,-0.2022915904652969,-0.3105396305613636,-0.2504114517727791,-0.2708875127247017,-0.2938812294190878,-0.27373247607984585,-0.26623138338508723,-0.2727761148457988,-0.27980717065898375,-0.27915500722713577,-0.2675600137981573,-0.24836081884299538,-0.23535421114553148,-0.2398014507961382,-0.25074802767167065,-0.2619362691901799,-0.26319024439100286,-0.25036167968231954,-0.2543194946700144,-0.2582676098056335,2.470637393711782,4.089390379120966,-0.258348384670583,-0.2583613694654658
cow-bell-2.mp3,-0.9319652238290085,-0.21935634193412534,-0.2701172793909552,-0.26569652719126896,-0.27123941066451007,-0.2454535453680527,-0.24437838557928585,-0.246620423469451,-0.26085872987259384,-0.26626099703019374,-0.2628057513652024,-0.2535974330720134,-0.24192819265336124,-0.23785154783130572,-0.2369362272589043,-0.23752104208429295,-0.23923676538724437,-0.24709059745096554,-0.2534882683588945,-0.2576774688154913,-0.2551246169911839,2.2519705515917,4.203547867427019,-0.2551829462415425,-0.25513069717887177
cow-bell-3.mp3,-0.8478126368128266,-0.22999225491140474,-0.29081369069289087,-0.2713258558259271,-0.28463279305835343,-0.2739476025188352,-0.26520932027392663,-0.24087863901740011,-0.22723038625792447,-0.23069995512201738,-0.2395887681819321,-0.2564394054005216,-0.28170917360397424,-0.2771652231633861,-0.2527679120963045,-0.2413219283532003,-0.2440276361424644,-0.2500324935269221,-0.2436518435326958,-0.24734109266812027,-0.25291305251535046,2.2255841073880567,4.2298458436864905,-0.2529597870198801,-0.25296850037828944
crotales-1.wav,-0.650266403116263,-0.27052501548875685,-0.30722628747426267,-0.27344070656528807,-0.2811243814519126,-0.2652273207176964,-0.27346095558246897,-0.2658184213128381,-0.2689325373318662,-0.2801898672772614,-0.27139190507988326,-0.282200398112895,-0.2687844878506621,-0.26496861125663046,-0.27097031260052684,-0.27524902022332415,-0.27956533778663983,-0.2660054700366537,-0.2735615582073968,-0.27725262814959556,-0.27294295732482066,2.807124853059397,3.8781459402036598,-0.273082123024613,-0.2730840872908022
crotales-2.wav,-0.7818118243548408,-0.20213148719649204,-0.2790044163738563,-0.23516001442549764,-0.2570258944745898,-0.2458158749763652,-0.27794735646034363,-0.2669055501653249,-0.2502432001209182,-0.2654321076978055,-0.26707629779780073,-0.28097054343438027,-0.2519237980506118,-0.2611164325071111,-0.27905136707443834,-0.2645562802004527,-0.2674248553362714,-0.26424448576817755,-0.2713525789647177,-0.268485991947173,-0.2676941274468161,2.4095060127791936,4.131471688157479,-0.26780052925187214,-0.2678026869108165
crotales-3.wav,-0.7568791386232765,-0.21073808920042109,-0.2875757902003238,-0.23264993584170385,-0.26393077380367225,-0.2490684022291112,-0.2782606478332257,-0.27008936208859324,-0.2553186273325773,-0.2678724009497121,-0.2653564429486341,-0.2855499743979547,-0.25751796933249005,-0.26067768148420295,-0.2793040458770874,-0.2703967272297027,-0.26989425846315285,-0.26383628614613086,-0.27612509764306437,-0.2703295854333903,-0.26996531261561957,2.5094440350547544,4.0720607930548125,-0.27008313792826516,-0.27008514050725374
crotales-4.wav,-0.8082604786430772,-0.1947967607976102,-0.2972195381995368,-0.23198803550176722,-0.25500974882359334,-0.24384587017704462,-0.2836467774852345,-0.27397032203698,-0.250588846242577,-0.2627472501014394,-0.2652982813000783,-0.2922694226731631,-0.25877882944965674,-0.25225493676598826,-0.2784666357450719,-0.27718353903066206,-0.26976692070567027,-0.2614453571963094,-0.27485513682793183,-0.2695238619620199,-0.270080709659858,2.6192897885779756,3.993123203097117,-0.27020634094361196,-0.27020939140621036
crotales-5.wav,-0.7555321373997328,-0.21501265683351387,-0.28813807140988357,-0.23825598649337468,-0.25636266273035246,-0.252001337655776,-0.2796840222724486,-0.272837278283162,-0.25432016499473864,-0.26591157462870707,-0.27062342786902804,-0.2868308674433538,-0.26127556595794815,-0.2581424009127953,-0.2794192129745043,-0.275298865163647,-0.26944749515497335,-0.2658004574550756,-0.27425131769353017,-0.27213311684482133,-0.2714536798642908,2.578721398211869,4.027167146287802,-0.2715761687725322,-0.2715800756914816
crotales-6.wav,-0.755095735163664,-0.22541500277007342,-0.2909640324986342,-0.2413787755671878,-0.2587548325279283,-0.2599072379209383,-0.27490716069977883,-0.2631921042223714,-0.25972616795405723,-0.2811242144057139,-0.27024542714605776,-0.2703104459000491,-0.2688743467045115,-0.2724782012398288,-0.26902931049236417,-0.2727092175117436,-0.2828463997940798,-0.2693022745977551,-0.2686436599496883,-0.2677055659199785,-0.27278979480193377,2.6888991481250235,3.9523346809890625,-0.27291479456672113,-0.2729191267590272
djembe-1(1).wav,-1.0107431147657187,-0.08924388091242573,-0.20464205460552484,-0.22214262656027003,-0.23250704508653414,-0.23186832863644485,-0.23165987158600732,-0.23384360039736524,-0.2374448106103957,-0.24288076468057213,-0.24255586761741496,-0.2480933496352578,-0.25117740588234466,-0.2566787589665603,-0.2608557087168685,-0.2610317391380551,-0.26202113047686587,-0.2580316269145481,-0.25677760489485096,-0.25419482521244485,-0.25836403882404996,1.8906583574146325,4.372813922361651,-0.2583195069148074,-0.2583946187409558
djembe-1.wav,-0.8003252912024499,-0.015811091183683266,-0.2980734859659978,-0.24734597426373645,-0.26517094358703686,-0.27036277825028737,-0.27211755489185924,-0.2732864578221878,-0.2701692909508194,-0.26631797737915563,-0.2713921048091301,-0.2685551409015127,-0.25944116277259877,-0.26116885687037833,-0.2615519016773003,-0.2604353341099243,-0.2580104213831226,-0.2552565511082058,-0.2511083326293269,-0.2529142566224594,-0.268713711383492,2.0752708918613036,4.309696785889648,-0.26868868223943887,-0.26875037574684674
djembe-2(1).wav,-0.6368303496293398,-0.026120746203500734,-0.35001332404534363,-0.2642750815853498,-0.29731742421802165,-0.2892867867016143,-0.2760051855615186,-0.28315561664430133,-0.26378910926372534,-0.27446939488261146,-0.2695153675713004,-0.27430627006216207,-0.27081098533456605,-0.27478623215994213,-0.2776779246722582,-0.264890126967722,-0.265687329974899,-0.2564573669312399,-0.26076297004930665,-0.26278735520018454,-0.27235520538793034,2.1916146558244822,4.264380613494782,-0.27228143614292916,-0.27241368012949796
djembe-2.wav,-0.8503552968366284,-0.006662443334532786,-0.29500806497401655,-0.24968590762115214,-0.26963221192507186,-0.2712476845458497,-0.2687570240953963,-0.2671369655192067,-0.2649367818642618,-0.26543581016910656,-0.27326281750751796,-0.26991238439421816,-0.2622486371387385,-0.2650926114380358,-0.26406575878191335,-0.2577533446401761,-0.25108753874755735,-0.2507599550582599,-0.2500602726886124,-0.2518937477362996,-0.2668416821509397,2.1319311592431642,4.273589832966851,-0.26680099461145135,-0.26688305643107285
djembe-3(1).wav,-0.8241633462384824,0.013572327739205766,-0.3062117736101222,-0.24325690723855056,-0.26901774934214767,-0.27176919613327644,-0.266460317182707,-0.27551895314980374,-0.2616730339807274,-0.2701446176369726,-0.2690375400993124,-0.27183352952820755,-0.26049072107007076,-0.2617968098061337,-0.26657534319576587,-0.255774282224333,-0.25703894909804165,-0.25056690679286403,-0.2532748613560954,-0.25280029644652385,-0.2697866909491106,2.0811096040979287,4.302049099028022,-0.2697128675053754,-0.2698263382805312
djembe-3.wav,-0.77413449035593,-0.04714120257748871,-0.3104699006737912,-0.2654826212541651,-0.2854380213307,-0.2791015434125163,-0.27162187303870783,-0.26746134972803576,-0.26305830384249895,-0.2612283206037,-0.26791635187242885,-0.26507739954896803,-0.26069630028004964,-0.2666836229983677,-0.2673302343172441,-0.26246354940499306,-0.25757243976394356,-0.2572380100179823,-0.25566820762535997,-0.2564295332099333,-0.2678710222683963,2.1946815783654796,4.251172755613138,-0.26784973473769264,-0.26792030111572407
djembe-4(1).wav,-0.7262241076171962,-0.00975100561341122,-0.3217954686999248,-0.25656740756103424,-0.27934381817766035,-0.28105874275231163,-0.2731242993844155,-0.2817660501439435,-0.26640465063480134,-0.271200329929561,-0.26759102303021226,-0.2691088864162371,-0.2620618282391948,-0.26622033867332623,-0.2705560183333575,-0.2620195756635777,-0.264015819020281,-0.2545710984352415,-0.25569384773482134,-0.2567617249223654,-0.27127782646413945,2.110855098584121,4.29882009467152,-0.2712365652050433,-0.271324760603583
djembe-4.wav,-0.61657002811299,-0.019730813551988337,-0.33633781941058793,-0.24876480435158457,-0.2901421489058903,-0.28444388620199246,-0.2853176005647488,-0.28286307616091155,-0.2780540050997406,-0.27893094937014973,-0.280678136669569,-0.27368304536848,-0.2680166925915917,-0.2752916160756864,-0.27786308641216295,-0.27245807029531555,-0.2649399337812572,-0.2608436565877532,-0.257109363808222,-0.2601570927981335,-0.2712693549218571,2.124260035039939,4.301723752531262,-0.2711991428854126,-0.27131946364517506
djembe-5.wav,-0.6034851747941206,-0.029899304515368746,-0.35172424665281754,-0.26172529861395094,-0.30171863347844485,-0.28693769536670566,-0.28512011564715717,-0.28018639656349015,-0.27237441109511196,-0.27177090987624253,-0.274425212498655,-0.2721268259220005,-0.27070653385070553,-0.2783018812940768,-0.278950196980472,-0.2724591106123584,-0.26464525507249026,-0.26084363693622,-0.25938569914063253,-0.2650286231514828,-0.2730520539749893,2.1965393278773395,4.2644221396984685,-0.2729857412310878,-0.27310851030722705
djembe-6.wav,-0.6925084434665905,-0.08010922031437696,-0.32259486924222297,-0.2674131288656144,-0.28702781011091605,-0.2773226606714947,-0.27199352756417056,-0.26933286197907574,-0.2634663727421475,-0.2620461938635374,-0.26697075285772665,-0.2668405094686036,-0.2675904262715691,-0.27196304378293396,-0.2687214624313188,-0.26277099764890444,-0.2577497610514975,-0.2573026668792704,-0.2571446568366317,-0.26105077290135076,-0.2698564216747427,2.1640097448272,4.277489241872924,-0.269816373040672,-0.2699060530347553
glockenspiel-1.wav,-0.7399130457041462,-0.2107403880696317,-0.3426906635415551,-0.28398384991614006,-0.2933138150239491,-0.21970158319991448,-0.20483026649498373,-0.24023052844355286,-0.2566837071247935,-0.2992376558852479,-0.2594142599971204,-0.23875251308508222,-0.2741709975649541,-0.2632889231146128,-0.24999068385148157,-0.2594144789583039,-0.25924487299410687,-0.25607170120854783,-0.26347240788210413,-0.2647916695400328,-0.2669033831390636,2.2566773452177395,4.224138707549497,-0.26697504159394514,-0.26699961643396597
glockenspiel-2.wav,-0.825243697745104,-0.2146207464039945,-0.370103115248394,-0.29848294852356927,-0.30442005842340064,-0.2632386939238619,-0.21990386265214035,-0.20707472437089466,-0.2349143901993274,-0.27922201672966435,-0.26973492150633804,-0.2760484261819631,-0.2606903026437684,-0.23863452780659677,-0.23821962683373654,-0.2523548378352262,-0.27232754705535595,-0.25310066519133984,-0.26155867734726745,-0.2668522881843795,-0.2556910970927594,2.5176305156872827,4.056314224569931,-0.2557212736922837,-0.25578629466584807
glockenspiel-3.wav,-0.7402155416732793,-0.18000063976779854,-0.3396099734862973,-0.31555133095853627,-0.34368691443930216,-0.3107115943992955,-0.2536599257591855,-0.2377902149934715,-0.24989337717560509,-0.2570707833274705,-0.2519085093524954,-0.2471901845145037,-0.25577065344995414,-0.25674272153339917,-0.2578180196310162,-0.2632156558394416,-0.272262864590208,-0.2682292103245876,-0.26113355297653357,-0.2704373947086306,-0.26073534125093845,2.60869694005657,4.0065354375737945,-0.26077342927930464,-0.26082454419911005
glockenspiel-4.wav,-0.8309008177777376,-0.16354097542679288,-0.34694489358387276,-0.33341037555803404,-0.3375706516568664,-0.3004845374515026,-0.24640094816668198,-0.23042510222477275,-0.2461394200744826,-0.26219544214342533,-0.26330069982529886,-0.2631068448044427,-0.26146193477564506,-0.2505968499491072,-0.24639967588371578,-0.25786558475082677,-0.27695447383959554,-0.26845028860486014,-0.25967013680285195,-0.26394575374447393,-0.2602828986242649,2.936365182040541,3.7544091442792555,-0.2603386942820056,-0.2603873263685395
gong-1.mp3,-0.993917376610038,0.41841546727829265,-0.27912902005917145,-0.3856155735403842,-0.2018542187848447,-0.19332792505157068,-0.2553233668144332,-0.26089340944353845,-0.27717670441211484,-0.2961034974741702,-0.2885285425074014,-0.28475083316191424,-0.28946794619423044,-0.290307487790025,-0.28584591615528004,-0.28034322100633424,-0.28262010722691133,-0.28513372213503524,-0.27987981593770167,-0.278684863342238,-0.2573268989272605,2.143128079443306,4.199181025062693,-0.2570934192914417,-0.2574007059182526
gong-2.mp3,-2.7770137649496207,0.5261472958029804,0.3586687646801853,0.15073772338996116,-0.033091141303544985,-0.15144591921328382,-0.20076471534228435,-0.20466359066547798,-0.19468147492540092,-0.19112633504007065,-0.19829163450049825,-0.20928439780533553,-0.21675922610833426,-0.21852333148774514,-0.21743647042414943,-0.21720913172074446,-0.21918460058190495,-0.22192646335438707,-0.22251923983523889,-0.21900829628391463,-0.20726712549041934,2.054532002669048,3.4441926130979326,-0.20677142456943826,-0.2073101160383134
gong-3.mp3,-1.3908251495994897,0.2087758606518571,-0.07425773910410982,-0.22746340802245701,-0.23784093339969886,-0.22555630401714946,-0.23266797643688542,-0.23513442440298757,-0.23627147064809859,-0.24632605827793522,-0.25634652499615507,-0.26149775481786436,-0.26613406437068493,-0.26785994786461975,-0.26704933114396034,-0.2700765741284001,-0.27834815917756267,-0.2858526809710464,-0.2846886311972204,-0.2753970695407695,-0.24336066730257433,2.272188644510011,4.068649007708486,-0.24325034084937586,-0.2434083026013087
gong-4.mp3,-1.0821055904417143,0.46760642257168766,-0.23225337393330783,-0.3239853908078907,-0.24696422139922833,-0.26423269570931246,-0.2777085718005355,-0.281254512855922,-0.28398720089125845,-0.2695907645230701,-0.2835326981623091,-0.28657855522025405,-0.2793117297168573,-0.2856163196219386,-0.28823302528191785,-0.29205182713360267,-0.2834429596788966,-0.2703722464168752,-0.2736325116380886,-0.28404600159417753,-0.2646562559819332,2.3634596720731307,4.051624711433706,-0.26442624669164827,-0.26470810657778626
handpan-10.mp3,-3.413064890310131,1.061135280726339,0.4861937483101768,0.17208155314719503,0.0455764187189336,-0.04860167982285478,-0.11736693302186685,-0.11793775520558096,-0.10261710014386977,-0.12079096490749124,-0.17876875677392134,-0.21683154209001615,-0.20460254686526,-0.1761584883287525,-0.18225796140966968,-0.21243111940128692,-0.21672736179612573,-0.2018249883173382,-0.1948993640685658,-0.1886444961994814,-0.19464311435508652,1.9712238528123933,2.7406392145667593,-0.19397842219640363,-0.19470258306809443
handpan-11.mp3,-2.860137516609967,1.06780096908654,0.3568885273181625,0.054674287939450956,-0.04817776831040504,-0.14550102401220977,-0.21214430619057606,-0.17848415063430934,-0.13819342868387915,-0.1525182025690165,-0.22293261628539449,-0.259984271961598,-0.24010800653317532,-0.2261220835987688,-0.2490156264951185,-0.27585679434913096,-0.25729638814840855,-0.22360745469910012,-0.21300379745442946,-0.20159125735769953,-0.22966239466614224,2.1253954881057875,3.188216771142052,-0.22891296408307962,-0.22972599094958465
handpan-12.mp3,-2.489043438761785,0.9354940604758393,0.19291948138548673,-0.05707889946153443,-0.08178036721414296,-0.13916710306995556,-0.2213728000264046,-0.21204537408062415,-0.180109480196837,-0.17629089662258887,-0.2475111327011931,-0.3020328083976048,-0.2785018697192543,-0.22259003234554425,-0.21980796447048498,-0.25545632335855134,-0.2516195719599106,-0.2325946231010719,-0.23660038622142046,-0.2387366450970737,-0.24401580272175735,2.1268307357204956,3.5185491402385933,-0.24335516853301187,-0.24408272975966308
handpan-13.mp3,-2.2956072492391026,0.8440369035162072,0.16922326510659028,-0.09040296623742748,-0.12781985218796482,-0.16935168348662022,-0.23198803335846396,-0.21555620879745266,-0.1771082227551768,-0.1758840427509337,-0.24308575241834018,-0.29237270604958177,-0.2810280977485548,-0.24159761739068925,-0.24270271880707994,-0.2704810466234504,-0.2653042210150319,-0.24819100860406132,-0.24487379195222841,-0.24389867729200884,-0.24920410632462786,2.1361437738277886,3.654967363971506,-0.24864360824890855,-0.24926969513438543
handpan-14.mp3,-1.9840808702387258,0.6674829155730854,0.037746892576454416,-0.12490682898212699,-0.1477156530832112,-0.1989089731839323,-0.2350639282730448,-0.20626846216176614,-0.1907383899541746,-0.19925279731404608,-0.26108246175748573,-0.31177808478318647,-0.29912963959711286,-0.25312336835180876,-0.2393174962254447,-0.2599151301755647,-0.2662320791077192,-0.26176128456898234,-0.2699617344760249,-0.27136787705372895,-0.24671779677954767,2.182400329772216,3.832831007629578,-0.24635454006648672,-0.24678374941721434
handpan-15.mp3,-2.043198024210257,0.6789888252799016,0.055037315173391006,-0.11760122871268272,-0.14921480598233536,-0.19668225466614284,-0.22899420753958377,-0.19460045334136153,-0.18331588627225887,-0.2000407276857365,-0.26440384924716276,-0.31314839955356755,-0.2997668904224524,-0.2539206510772858,-0.23815960937474187,-0.25568456061321776,-0.260899645494344,-0.25614096421558014,-0.25998855003913346,-0.2538345466645967,-0.24877583281138244,2.172980165008217,3.8085614064879114,-0.24835563320032197,-0.24884099082527497
handpan-16.mp3,-2.1595664049293037,0.5061040229697582,0.04160730622539705,-0.09220347323036791,-0.14150638411249775,-0.1903905855475479,-0.22545441202421848,-0.21519644827684642,-0.2197960007815361,-0.2293374862682286,-0.2625412861111621,-0.28187904906841266,-0.26499818092410315,-0.22989674345037067,-0.21478249173602423,-0.2258977868517294,-0.22795266737339376,-0.2235108376307841,-0.2310146470694726,-0.23712552697183695,-0.24067441732143907,2.400098438852095,3.647092179459896,-0.24043363339777246,-0.24074348443009805
handpan-17.mp3,-2.929734345915386,0.8861503803585279,0.3220736580019028,0.051598647571721015,-0.0360724944407978,-0.1085983474976513,-0.17974966327728065,-0.18229418882695864,-0.1653852593592271,-0.17447941440643197,-0.2261251083335385,-0.2546486825253125,-0.23783690138685484,-0.21958572368344387,-0.21975609432643045,-0.2225394822208896,-0.2003009951992277,-0.18600447033179376,-0.20306454541864688,-0.21744000555325296,-0.21364872543322755,2.1779435567101193,3.1664681370226155,-0.213261283751841,-0.2137086477766931
handpan-18.mp3,-2.3712096459495378,0.8050776197166365,0.15466718574741833,-0.055986049492423466,-0.1087651236029801,-0.17419810549353038,-0.2222380577576968,-0.20275847312738698,-0.18654309795229101,-0.1897884579608793,-0.24583634200769844,-0.29338179841686857,-0.28550695724554237,-0.2538155648135639,-0.23910312552096633,-0.2461631175197923,-0.24259613569054392,-0.2305749494903461,-0.23910830191879648,-0.25096408201201326,-0.24455122916658945,2.278647858108604,3.5333876941565387,-0.2440774544644014,-0.2446142881253481
handpan-19.mp3,-1.7698574712872293,0.6317251615194908,-0.013998689114683075,-0.13473763495910235,-0.16921150083736783,-0.23171800559061936,-0.2561070909408362,-0.2164088758222245,-0.21299032059937853,-0.2229842782378777,-0.273118641346401,-0.3149425217123022,-0.31208803576433314,-0.2810583491621262,-0.2635546295681398,-0.2753580423893573,-0.27306053626572285,-0.2587048829741019,-0.262598606076836,-0.27676359833913855,-0.2629123079512523,2.346166912295771,3.829648708481553,-0.2623948447126429,-0.2629719186451408
handpan-2.mp3,-2.910363311869066,0.9213466711557574,0.23692641712379095,0.028060068802740968,0.03165953291765735,-0.03163281265850422,-0.17506922441609307,-0.24257484659887535,-0.23241404109388367,-0.2039320043520749,-0.22188963858627198,-0.23218601088550486,-0.20780447830597085,-0.19863952865025009,-0.2202452018685482,-0.22925508160992292,-0.19624362119992195,-0.1657422315726254,-0.18204791414468408,-0.2228500203377524,-0.23130703015437834,2.1550456473553545,3.1932373074545874,-0.2307186929412766,-0.2313599535642839
handpan-20.mp3,-2.1265279732923834,0.8458942754717618,0.08422222035243475,-0.1002760734299429,-0.1087540065592234,-0.1745217248493278,-0.24510821775018124,-0.23322534985932603,-0.22098799925948479,-0.2186947448410376,-0.26088491241718775,-0.2968508281058953,-0.288596570972869,-0.259024910813151,-0.2555886578324873,-0.2806943782060167,-0.2756867372358065,-0.24804190061204592,-0.24485529896621944,-0.2511010505426766,-0.26138561379807346,2.2941679404553006,3.6486597101804734,-0.2606879043791121,-0.2614492927375216
handpan-21.mp3,-1.6056756056009351,0.5627187889788573,-0.06476190472680515,-0.15949319664747186,-0.1727766404445613,-0.21382847978174976,-0.2510352326537949,-0.23358924105481102,-0.24442670314810674,-0.2438363555394803,-0.28297812697402897,-0.3174301641068043,-0.3069956192310147,-0.27369415217318455,-0.2626833952071665,-0.2851117662339626,-0.28973401636965235,-0.27934770952245125,-0.26964128773060697,-0.2578076991126981,-0.27512258444889826,2.4188909988839833,3.8579739216308218,-0.2744270483959285,-0.2751867803895498
handpan-22.mp3,-1.98002708931068,0.6666531210810879,0.036698136570203536,-0.09194029008084614,-0.11700113726525203,-0.1812220534564585,-0.24507509923169907,-0.23673397573146918,-0.2247374593932016,-0.21628704462073312,-0.26250503323018537,-0.3046439617434673,-0.29295415649780215,-0.25639463130931917,-0.2528810681378295,-0.280955956610816,-0.28568832553804524,-0.2660837528764639,-0.2518755004705173,-0.24292348431402802,-0.26514922782790423,2.3580022373197522,3.7233807471663654,-0.2644479919015563,-0.26520700258913527
handpan-23.mp3,-2.2704634231842875,0.8326946974591679,0.14435690802600293,-0.06888391818581027,-0.11721265895425598,-0.1949129075035133,-0.23568665152196444,-0.1973293838069458,-0.18300447536033088,-0.20989033318514136,-0.2753796570624212,-0.3111407155791748,-0.2874011468858457,-0.24876338883084165,-0.24829867297961614,-0.2759969447083117,-0.27011209054618734,-0.24484957733372723,-0.23861762989422894,-0.23664665681703675,-0.2528798960452208,2.386265986667523,3.5093636756866093,-0.25226184215776376,-0.2529492972966788
handpan-24.mp3,-1.9189743587176469,0.6090642491929129,0.045010161983064643,-0.11185536987858401,-0.1419183163815178,-0.2001812755364138,-0.2364796222221868,-0.20997822142698336,-0.19579421578308617,-0.2171835521267594,-0.28194197014355876,-0.3264303508995016,-0.311953448235338,-0.27399645388433386,-0.26070053148054195,-0.27859651198972585,-0.2822463599546626,-0.2702764262938841,-0.27004176124246665,-0.26876937352275,-0.24986947929134884,2.4554717749414747,3.697019633871752,-0.24943594207120007,-0.24994227890671433
handpan-25.mp3,-2.5901877852294812,0.6553772627549722,0.19425946046746922,-0.032379802469133814,-0.13478169620317604,-0.1997159009418121,-0.2233290759459027,-0.19977097750447742,-0.18448640483205023,-0.19554735960488287,-0.23090347576143685,-0.25468844965535115,-0.24799109247086126,-0.22910752747968482,-0.22725094521363406,-0.23678517106868208,-0.23245365827010345,-0.2224754166793516,-0.2125311981844947,-0.18832621788792184,-0.19689570506439918,2.5484395954592802,3.235366672648559,-0.19685197895479445,-0.19698315190864832
handpan-26.mp3,-2.4968808398353124,0.6504080301478481,0.1434475670030357,-0.06336879476494546,-0.14789145676979878,-0.21258678614732,-0.23373715654193178,-0.19974364199205702,-0.19350605793126627,-0.21155871283775113,-0.24585601569415805,-0.2652444806337461,-0.2577466870961262,-0.23561379423558132,-0.22153028094096872,-0.22174044796726247,-0.21320549581976794,-0.2055886719143435,-0.20512423096859492,-0.19737481938121607,-0.20276310853623578,2.495960035990091,3.346825507129305,-0.2027300924920746,-0.20284956776982127
handpan-27.mp3,-1.7683848982966304,0.5360886255193008,-0.03794112746513127,-0.13780670027336822,-0.18361738206264755,-0.25905829387268564,-0.2855079169652611,-0.23515031770122122,-0.2294858888727624,-0.2397708133121316,-0.2839702843855231,-0.3067569900797212,-0.28798250663817626,-0.25775668584504147,-0.25192755543139295,-0.26664609276899043,-0.26657138124348184,-0.258739060130676,-0.25356660460564084,-0.25334732865176524,-0.24125773177093898,2.502745892285313,3.7488304972185063,-0.2410862760425725,-0.24133317860735917
handpan-28.mp3,-1.6558090710901618,0.5796933848482442,-0.05029289784232749,-0.1775840994808083,-0.1809723792422587,-0.24177985211812233,-0.27837525430057014,-0.23778718672557983,-0.22141276751091188,-0.23374585575615942,-0.2876227125584227,-0.3246192335256322,-0.30718312518196583,-0.26418397453915166,-0.25277619398699563,-0.27733986701742847,-0.279983824917648,-0.2638566066385765,-0.2616754293076682,-0.262868587190321,-0.2597024648183441,2.425336720296019,3.8335658567524513,-0.2592512742822212,-0.2597733038654396
handpan-29.mp3,-1.6892164437513157,0.6797678579954874,-0.04516218598146795,-0.16214354087655983,-0.1727309852995326,-0.224347417764249,-0.2598019585667733,-0.23114539455893085,-0.22507916657846477,-0.2325406256412855,-0.29170739561109615,-0.33719335353996593,-0.31195902283499516,-0.26243528814703043,-0.24936448629601626,-0.2696440527371626,-0.2705048821558709,-0.26171969484661783,-0.27051271803675436,-0.27853775216835575,-0.2794980476093986,2.3666911511381006,3.837034363425574,-0.2786911356745279,-0.2795578238827899
handpan-3.mp3,-2.4504095127526813,0.9280800538122497,0.18420050798350093,-0.04779328014327014,-0.0703276370548306,-0.13512568826470944,-0.22643574919143167,-0.22491974737433598,-0.19989686055035247,-0.19963216650469306,-0.25832953689678817,-0.2975934982144116,-0.2771406033485831,-0.24150922416356757,-0.2456896830886775,-0.2662344203979968,-0.2494202938174401,-0.22739221119233208,-0.2389504493197874,-0.2544598116857943,-0.24361376051428804,2.296472741115547,3.4327932160282977,-0.24299064246937438,-0.2436817419942492
handpan-30.mp3,-1.6434326106394528,0.6330034989633445,-0.07952774001971384,-0.16807587665446602,-0.16406707802506323,-0.21940867157562607,-0.26039750708561776,-0.23142590043240388,-0.23241501563026953,-0.23799556882350376,-0.28368160664176495,-0.3188745178395279,-0.30702731618424184,-0.27285324096372726,-0.26634684283448945,-0.29317352128802193,-0.29271876658986434,-0.2723987753372068,-0.2607943173611035,-0.25829140867426975,-0.2696246529214656,2.384754617537633,3.8535092584517496,-0.26904796626467326,-0.26968847316625416
handpan-31.mp3,-1.768837330585277,0.7227132668890137,-0.05589185218676479,-0.1401365473175509,-0.14266862798505958,-0.20890048276510148,-0.25547243122204083,-0.2230686385215096,-0.22274210927855226,-0.22511230369189603,-0.27425831134687817,-0.3122360209592097,-0.30641367352787857,-0.2738394157300701,-0.260299362931302,-0.2804010785684525,-0.28479926890353485,-0.2697519982733856,-0.2661754816220245,-0.2768288604650763,-0.2711192682128479,2.294264280953503,3.843649528157962,-0.2704965944948958,-0.2711774174111706
handpan-32.mp3,-1.528684623077052,0.5888169116545371,-0.12124460419116899,-0.17526182616706934,-0.1737928144824714,-0.22740251285092541,-0.25657210736596076,-0.22316271659611106,-0.23352769894126274,-0.2467948056020901,-0.2965078431336924,-0.32578371204152995,-0.30794124855526417,-0.27268747932987814,-0.25545713037468015,-0.2710845779462933,-0.2818925969571084,-0.28044983692733466,-0.2799978264918442,-0.2779230227500818,-0.2761389268399703,2.3550557432486183,3.9201454025968774,-0.2755084545290683,-0.27620169234917513
handpan-33.mp3,-1.490643196406518,0.5657472092809837,-0.134839242736841,-0.19649057072289244,-0.18644906333886543,-0.22478977661740918,-0.255793978232256,-0.22541695314651067,-0.2276557769006465,-0.235190886463647,-0.28887635142785073,-0.3280584297305052,-0.305745388463834,-0.2636367968199535,-0.25222419558715325,-0.27626597953939824,-0.2861043364059832,-0.2818827104455265,-0.27504531076641575,-0.2642649959507934,-0.2773446456279814,2.285507608904819,3.979650863457902,-0.27678137981733153,-0.277405716495392
handpan-34.mp3,-1.3221841417702096,0.5078976866335817,-0.19230743843533435,-0.21732765090623982,-0.20374591021810315,-0.2407296600960868,-0.2576512393428969,-0.21972292820545825,-0.23153087821971535,-0.23788884204420263,-0.2917030907466997,-0.3250870713000474,-0.30285835863969585,-0.2672814757002129,-0.26034329608049867,-0.28466245434740295,-0.2938622008740632,-0.2876283978002395,-0.2770508770606769,-0.26497841298081926,-0.2807597036275059,2.259825144820364,4.052595002100759,-0.28019592576998,-0.2808178793886167
handpan-35.mp3,-1.9068668612396105,0.7668355166423433,-0.0027582873642464905,-0.1217201872022853,-0.11773529215146622,-0.2025764630750282,-0.2629578074534264,-0.22093742800455102,-0.20307794161741838,-0.2148721011254686,-0.2765465494567223,-0.3282444509564465,-0.319106199143044,-0.26919981660829817,-0.24681896710238496,-0.27082551110752684,-0.279346833324964,-0.26603413537375603,-0.265619930596887,-0.27027640582803425,-0.26617612985313005,2.316721762353368,3.7598067227371073,-0.2654243112257063,-0.26624239192241683
handpan-36.mp3,-2.257600444614266,0.9139923944451898,0.15435351749512016,-0.0431456493901133,-0.0590425372963875,-0.13600215539359245,-0.2204426964206507,-0.20827135922781215,-0.18710605999802896,-0.2107888167543285,-0.28682633626645976,-0.322399145494749,-0.2898916194487545,-0.24728156272650642,-0.24905290338053196,-0.2849053755858127,-0.2937510417057131,-0.2806640072426328,-0.27540842250471753,-0.26342700864969965,-0.2640527371246737,2.28318030425778,3.5556064061052477,-0.2629544899112922,-0.2641182531666158
handpan-37.mp3,-2.010967199236202,0.5862580214309909,0.03149169910995912,-0.08292266195559769,-0.11233809652979504,-0.18556428518067206,-0.25095275576837206,-0.23551456845861868,-0.22708479945286028,-0.23724278766781445,-0.2799534523900689,-0.29823393710588614,-0.27946551891170257,-0.25369767999403475,-0.26011960211991214,-0.28086077072813664,-0.2674132010576459,-0.24426572617677128,-0.2373679666321898,-0.23102076315130532,-0.25072178091129843,2.4279745039448604,3.6810874193159386,-0.2503040487609359,-0.25080004161192837
handpan-4.mp3,-2.887280285307181,0.8566932642571702,0.32761781787114075,0.09292026912125714,0.01099739631554575,-0.07872647867051868,-0.1810486126752388,-0.21825212490940094,-0.20789207649586464,-0.1930796482898168,-0.22112157774299004,-0.24430945162953957,-0.2257064514122391,-0.20627100991480193,-0.212895102876043,-0.21872626372827678,-0.19757391998104556,-0.1878688675604763,-0.22014723712453418,-0.2582395339162067,-0.23545075064941684,2.167798814387793,3.208803158518891,-0.23473703461509213,-0.23550429297311584
handpan-5.mp3,-2.306049940977099,0.7850421296975316,0.11360819738951389,-0.06085396647721925,-0.08635527822223621,-0.15537392309903178,-0.21762314819623682,-0.1972346305954987,-0.1850793411462556,-0.20005077104421806,-0.26601864132976827,-0.3143528872510861,-0.2929739401324608,-0.24028154108618924,-0.2288299815745417,-0.25405382940646853,-0.2531127938151826,-0.23778984898698757,-0.24780422528236068,-0.2612885560168331,-0.254093662424723,2.3153770508538374,3.5527994243353826,-0.2534528192540295,-0.25415307595783926
handpan-6.mp3,-2.116432599328574,0.8520435412754085,0.0843691548780639,-0.1020434320523977,-0.12237049288625457,-0.19364050346526704,-0.24598495867374895,-0.21838151317345905,-0.20752930657074162,-0.22398137752041777,-0.2881822204407083,-0.3264793214180544,-0.2962777173138891,-0.25016109218343563,-0.2374528583643085,-0.25010218688256736,-0.24758178844483944,-0.24000838336409522,-0.257093542418684,-0.2740656418899282,-0.2684826191264346,2.3537708766644023,3.6122290705813103,-0.2676124430163595,-0.268548644865019
handpan-7.mp3,-2.1293521952073884,0.8307331796569754,0.06864239334212334,-0.09380934077040233,-0.11723068772351308,-0.19718361799353373,-0.24261457589848748,-0.20264140214192167,-0.18919063046231654,-0.20574897878771287,-0.2772729861059053,-0.3313295689237752,-0.31485935809992016,-0.2641447363449352,-0.24267328362896784,-0.2587219346538062,-0.2592647554366126,-0.2481471100579527,-0.2567640967768451,-0.26180397752235757,-0.25780251928560405,2.3544830627765383,3.611680640517367,-0.25711046029915574,-0.2578730601718917
handpan-8.mp3,-2.323935805553718,0.7973682712452139,0.1945206766356617,-0.014517068434426439,-0.07302663100555434,-0.1398217047582294,-0.20303151189592755,-0.20227933279754567,-0.18995662596730536,-0.20820387533094287,-0.2729822894266923,-0.3139929039798972,-0.2889814758380334,-0.25375668909083937,-0.2592573163406628,-0.28704150210744017,-0.2858954255719324,-0.2699192405432321,-0.2624677822098032,-0.23656252428007402,-0.2505557909746868,2.322095082036973,3.5226191227874133,-0.24979422498467885,-0.25062343161363915
handpan-9.mp3,-2.2935220017135536,0.8340491093442154,0.1294865879237254,-0.022291280441016484,-0.06676503397039733,-0.16124592099801918,-0.23019643269687443,-0.20618804987341752,-0.19304352744430656,-0.1925571349083852,-0.24963518733592915,-0.31186105352560073,-0.31045560134856987,-0.2600813109294468,-0.23890833597089772,-0.2607541223841881,-0.2653503234378831,-0.25726853525356397,-0.2656589264802299,-0.27827473917808904,-0.2477989971621644,2.2747120896293618,3.568617860344426,-0.2471445089512056,-0.24786462323799016
kalimba-1.mp3,-1.777362212781558,0.1525976611188836,-0.03373545770968855,-0.1017648549739514,-0.18234022363610206,-0.23992107134609864,-0.2744031804339665,-0.3216802605974667,-0.3171743061740728,-0.27845439247486464,-0.2650378737906086,-0.26196843883562143,-0.26656571729468553,-0.2649741415120569,-0.23015744360081916,-0.19858799747987568,-0.19168626595486235,-0.19312274313056962,-0.19832246840543105,-0.2023185357004,-0.21301651817764208,2.45815645983564,3.8279167062357713,-0.212974668903353,-0.2131020542766007
kalimba-2.mp3,-2.0502684997852727,0.0775783270496201,-0.06364806349097507,-0.026094859521291206,-0.05222000775125306,-0.10986574943284665,-0.12697502566048424,-0.1927229476504083,-0.23555972197517971,-0.22221036398463664,-0.25214191315761253,-0.291589781848475,-0.3016906732027235,-0.31032622857490605,-0.2948025886296011,-0.2706632818270723,-0.26238980143997237,-0.24741779199315914,-0.22857079222993357,-0.2000575920284459,-0.16851351025760344,2.452627279896288,3.714015515021855,-0.16812904818139962,-0.16836287934451113
kalimba-3.mp3,-2.190178868051681,0.2577376635433068,-0.010324432484786856,-0.1832067527309848,-0.32275245813109976,-0.4158832039514187,-0.4306283505109087,-0.37992623916275553,-0.3258497102738834,-0.2584024344678123,-0.18692941326748297,-0.1466025499882488,-0.12756893155806748,-0.12380992226974998,-0.1242478248752782,-0.13412927343411518,-0.13517075970853942,-0.12816003566614195,-0.1378956366111871,-0.15613058345805847,-0.17007740122669268,3.0599064274564625,3.11027815308496,-0.16989213950867355,-0.1701553227471632
maracas-1.wav,-0.4823929840117932,-0.2868560898707327,-0.2996873071941862,-0.24976666037728848,-0.29737839125060783,-0.2643051979703053,-0.28846795043818746,-0.2707041384466187,-0.2864847768944131,-0.2755876166530337,-0.28179609755393353,-0.2794237596842955,-0.284516457110571,-0.28065876653674393,-0.281803887860077,-0.28181908403420164,-0.28022899035572263,-0.28397656452813913,-0.2780506274601414,-0.28393945177155483,-0.28016666021497993,2.6724736053397535,3.9861169380612336,-0.2802918608654817,-0.2802872223179783
maracas-2.wav,-0.45328802912183574,-0.29064456011376716,-0.30640351441519564,-0.25108351742795515,-0.30170749615766856,-0.2647808529333124,-0.29288767185738335,-0.27010555090367633,-0.2901411318270717,-0.27550485135032876,-0.28450531662402634,-0.2792582858507391,-0.28549665414471503,-0.28092348871270995,-0.2823355485193013,-0.282553940754262,-0.2801801561622055,-0.28491571691478706,-0.2780925957538496,-0.28513294926486504,-0.2806778699970315,2.680419824731239,3.9818105771979755,-0.28080597686430814,-0.2808047262582189
maracas-3.wav,-0.462712924954813,-0.291778690298076,-0.30406878507289753,-0.25094307598664317,-0.29972959490028867,-0.2651454275939812,-0.29089106431351114,-0.26986804979977735,-0.2891840437235381,-0.2755699754137137,-0.28395231796180626,-0.2793297638756383,-0.2850135976908451,-0.2808567612042744,-0.2817507407665588,-0.282566094668471,-0.28034921855210115,-0.2843285461989782,-0.2778301370611089,-0.28443530605875317,-0.28045835027091115,2.6806402690948055,3.981294633147622,-0.28058758673851636,-0.28058484913722426
maracas-4.wav,-0.45224534464189436,-0.29066905824342604,-0.30776863971586793,-0.2506014342827906,-0.30388890334225516,-0.2638026102102053,-0.2937420041351165,-0.26869767512295717,-0.29129209260706534,-0.2745144901405044,-0.2847599778840482,-0.27839749817029197,-0.28579365891572733,-0.2811735214067974,-0.2825895065635661,-0.2827109902903978,-0.28004278552488493,-0.28512327742634175,-0.2777650638085878,-0.28514798114732387,-0.2806833429076734,2.6830341583757877,3.9799964720963565,-0.2808108877192186,-0.28080988626520237
maracas-5.wav,-0.44816056982776065,-0.29116148672992975,-0.3089105434443723,-0.2514384975847682,-0.3024179626464905,-0.2635364640982611,-0.29348042191467905,-0.2691982787024736,-0.2910011320938116,-0.27467558985413637,-0.28514628621085075,-0.27882299658919846,-0.2857878674775857,-0.2809068570466277,-0.2820615213370578,-0.2822500145208991,-0.27981093236489485,-0.2851438134569829,-0.2781219783272205,-0.2855593041101104,-0.2807522941155619,2.6729239475269644,3.987180578954665,-0.28088004157988544,-0.2808796724480709
maracas-6.wav,-0.45115809753673003,-0.2848684438291837,-0.31179625848611897,-0.2508653401890411,-0.298389719910214,-0.2616516476419714,-0.2924714517240756,-0.2690833475800194,-0.29064864083428327,-0.27369335380100257,-0.28435112547275704,-0.2771762147623857,-0.284026121779405,-0.2794164563374753,-0.2805262871305315,-0.2811609591256696,-0.2784031989365811,-0.2839244417587767,-0.27687708270184075,-0.2842183289719923,-0.27924895313649517,2.5882820099002863,4.044417305434813,-0.2793728284917246,-0.27937101519682533
maracas-7.wav,-0.4207922986112818,-0.2933064264421328,-0.3129088388039389,-0.25187080013331226,-0.30568618827577776,-0.2636978243557143,-0.29698525287329003,-0.26811658907871183,-0.2936482051868503,-0.27414780667907757,-0.2868155649644317,-0.2778081121070981,-0.2867297105379734,-0.28202226568933547,-0.2836519624644055,-0.28325949169191367,-0.27977235232739833,-0.28618889792140617,-0.2784431973890346,-0.28647936260265405,-0.2813099931708126,2.658442606805181,3.9980710951969014,-0.2814345060668456,-0.2814380546286859
marimba-1.wav,-2.8780559804095516,0.5350214585316125,0.19802204354387673,0.029268773416844272,-0.028214128026699658,-0.06052421005385332,-0.09597623557253492,-0.1249773025761737,-0.16657171238834845,-0.2323271163205222,-0.27505543064687904,-0.27817114975381046,-0.2686887511153954,-0.2682929978780428,-0.26325611396896975,-0.24359946341844196,-0.2246433311681856,-0.19750555781162576,-0.16568078471521525,-0.14437508545780922,-0.1315381531882235,2.4035157798716664,3.1443810756076647,-0.13113015838870967,-0.1316254681126727
marimba-2.wav,-2.23969525604703,0.5515657338855295,0.10338742929468954,-0.1415163949071312,-0.17587636138137394,-0.15482038255884673,-0.15091416864552826,-0.1615351048085725,-0.1740287335131508,-0.19718619200133705,-0.22674151911270854,-0.24703004261406597,-0.25777525923192335,-0.2676681367299608,-0.2868697992992697,-0.30673143527720137,-0.3078182379959919,-0.29242468302133506,-0.27167844807641905,-0.2532976409565394,-0.17475262344295342,2.381258374400092,3.601233675423433,-0.1742579811890412,-0.17482681219336435
marimba-3.wav,-3.0383583772389193,0.6285726148162136,0.23064706821939654,0.010852178849785515,-0.04144887572048012,-0.03539614902731825,-0.052531947615217414,-0.07925575363793506,-0.10182333810775733,-0.13292243811116092,-0.17296879990982658,-0.2120481249981187,-0.23107829745998662,-0.22847139051825371,-0.22218016497748957,-0.22371660210072256,-0.23928476298666293,-0.2535624145823532,-0.2640211037432729,-0.2761030465076349,-0.14312311572862002,2.3052208282253095,3.0589409089774935,-0.1427369407067112,-0.14320195540975814
marimba-4.wav,-1.6456221804531677,0.17353422013636496,-0.2225083448239322,-0.19835019148299213,-0.1620689907758315,-0.18133617921912518,-0.22341547068532208,-0.20313560546843165,-0.19448942328582886,-0.25605103746413904,-0.29925294310063844,-0.2676118684401941,-0.2637303462682748,-0.29176375527148857,-0.29797812131412216,-0.273713669964126,-0.25266263389419974,-0.2546995407089169,-0.24349393766646932,-0.21217230597597014,-0.21358062485299978,2.696782973531131,3.714457107493672,-0.21350307005980534,-0.21363405998519272
marimba-5.wav,-1.029592596166467,-0.06708351305497154,-0.27206312279464506,-0.20233622599913936,-0.24568257317787692,-0.25814880358111886,-0.23347410483049533,-0.24370595359610278,-0.28408885942589457,-0.2964037714634564,-0.2894015713962243,-0.2742935771935872,-0.2736894866066233,-0.28597541943154536,-0.2715908809937937,-0.25544668845764285,-0.26043278663096003,-0.24192430335520348,-0.2209888653154382,-0.228869856690274,-0.24276401194615413,2.3197472125822625,4.143755972078681,-0.2427384997745413,-0.2428077127787888
sleigh-bells-1.wav,-0.436191920500522,-0.2891521404827889,-0.33970786608135817,-0.26091966384545556,-0.2977502478599307,-0.25641400608882836,-0.29343060243496044,-0.28603917957060065,-0.2686748458964402,-0.27995488948146996,-0.2764109183342584,-0.30582540584762996,-0.2653444610255336,-0.2748072500464952,-0.2857685501252506,-0.2763902300056589,-0.29649589763827894,-0.27317027348320627,-0.2830549127092316,-0.2807712070538353,-0.28083535578973595,2.7022264951678556,3.966810656137194,-0.28094699857972183,-0.2809803284238584
sleigh-bells-2.wav,-0.45791232109864893,-0.2833635193487166,-0.3372227445890933,-0.24430709816048612,-0.30011423695374556,-0.25833234668239136,-0.2899388289156518,-0.2846833560978344,-0.26645825870387885,-0.28207784026153304,-0.27933640062456794,-0.2996020871248181,-0.25827774138230997,-0.27511073341857684,-0.2876229810662949,-0.2766457079057575,-0.2881712955143314,-0.2692748155291206,-0.28505066749226443,-0.2767765825987722,-0.27851560710423234,2.6005430552256046,4.035542064928734,-0.27863788044489185,-0.2786520691364198
sleigh-bells-3.wav,-0.5433587382669454,-0.2513963529094152,-0.3480499015398083,-0.23252556053782603,-0.26879770659891156,-0.2650123775188786,-0.28820406187500974,-0.27979322352674485,-0.2416814493315328,-0.27792637977195445,-0.2863614344800497,-0.2716677186006507,-0.2597040663397547,-0.27554883342256936,-0.2793856877442862,-0.2735094248778688,-0.2734180775838359,-0.2626099559568135,-0.2845497414213741,-0.27739454240028844,-0.2752089419563794,2.4216260214152188,4.145069669366615,-0.2752845925191127,-0.27530692160182346
snare-drum-1.mp3,-0.4511453623722562,-0.19485465251986456,-0.2985380270895045,-0.2585862641057681,-0.29292535130213854,-0.2671275105193876,-0.2795626877335616,-0.27062179883300597,-0.27516219785235807,-0.2723887426246906,-0.2750001933702612,-0.27021117111242654,-0.2723741512921486,-0.27109294771792314,-0.2672961147167519,-0.2704269733081026,-0.26482707911983044,-0.2692747937353411,-0.26610918285345153,-0.26898317999431887,-0.266255244168384,1.9509930593420366,4.404345113747106,-0.26626672270960067,-0.26630782403806663
tabla-1.wav,-0.7039303828514561,-0.06592680860225551,-0.26964868896928285,-0.2360779443034222,-0.2604816173667858,-0.2340371135110875,-0.27134005603549644,-0.25112625781449327,-0.2618974791986121,-0.26549889002693555,-0.2673959169437114,-0.26197193186645024,-0.2661015696574668,-0.27572711296942515,-0.2825784263405621,-0.2862304151678709,-0.28370465368237957,-0.28428069578153836,-0.27571359757853786,-0.27197428685688985,-0.27482062181664724,2.0803865592509183,4.31957790575717,-0.27468848143713037,-0.2748115162296503
tabla-2.wav,-0.9494058257159304,-0.11935547130427289,-0.2369647160482441,-0.23301240506098983,-0.2432896933706851,-0.24060245411602788,-0.2594991889393462,-0.2526263842093366,-0.25484153963434963,-0.25583991507719733,-0.2573398162043133,-0.25448038424086306,-0.2547222130735104,-0.2563763035821131,-0.26010353189056573,-0.2619915828810134,-0.26324579203812837,-0.26492638796656415,-0.26067875678413044,-0.2583276856401012,-0.2601953186356338,2.178595583257711,4.239561829012901,-0.260178380276489,-0.2601536655808058
tabla-3.wav,-1.0670574509708752,-0.05633558771718757,-0.21833231888076762,-0.21946021239631125,-0.23300073606702035,-0.2242772142771781,-0.2511741873615363,-0.24469590923669718,-0.24824560461135287,-0.2505976639468058,-0.25135738400554275,-0.24590744759047103,-0.2501067419855133,-0.2571871328741174,-0.2606206599945823,-0.2631732846292234,-0.2638313512298717,-0.2664619294975663,-0.2631870166175769,-0.26285668756776936,-0.2649799828251693,2.1722129060938804,4.220519843083093,-0.2648966139042847,-0.26498963098955164
tambourine-1.wav,-0.4703927241896907,-0.26909451217019875,-0.2796619403449175,-0.26031141647090883,-0.2806338347028984,-0.2730246429739357,-0.2768210130986405,-0.27343191581730003,-0.27663404778548983,-0.2741420173492124,-0.2770888672729236,-0.2770455126726454,-0.276525818146303,-0.2781245924889385,-0.27820967242205247,-0.278859399379786,-0.27935130265143227,-0.2776234265995048,-0.2798805100508354,-0.2797920417605017,-0.2786094167355623,2.3740701685355896,4.178582596029847,-0.27868982943595083,-0.2787043100458082
tambourine-2.wav,-0.48032050185497005,-0.27007043085538734,-0.28277940137869206,-0.25669594711932425,-0.28113815697460703,-0.27169923811676966,-0.2768003047600742,-0.27288787256353186,-0.2782121121433562,-0.27341066089246174,-0.27881835403015726,-0.2760721287738574,-0.27770793681422695,-0.27798058125240915,-0.2782153108032166,-0.2790247137005227,-0.27900856468459717,-0.27731749222265045,-0.27935971016711564,-0.2790820425602422,-0.2770068069932555,2.3880429957074663,4.1697781749968685,-0.27710723113492053,-0.2771056709079883
tambourine-3.wav,-0.48587725989364217,-0.2690794245656624,-0.28289895936321885,-0.2551505702494127,-0.2807793753206468,-0.27178675904727684,-0.2753911964626366,-0.27321650057440366,-0.27759157121540634,-0.273044601248932,-0.27904187677748804,-0.2758795546305532,-0.2769693947213549,-0.27815967858761126,-0.2785105198376721,-0.2790930942967052,-0.2789612988874795,-0.2766281203697873,-0.279030641430419,-0.278140409800361,-0.27675317954193207,2.383385741165262,4.1723000303751245,-0.27685188656441867,-0.2768498981533663
tambourine-4.wav,-0.4545920414109626,-0.2675123390066379,-0.29177134507434244,-0.2534332550193827,-0.28863702054193785,-0.2692831449059037,-0.28281577656696266,-0.2711724750129191,-0.28456405098031246,-0.27328589688127797,-0.28328847767395626,-0.2769332773016405,-0.28035264095794027,-0.27959701638480583,-0.2800020746735965,-0.28067799179597525,-0.27991899428297823,-0.27942491785486173,-0.2794734495902408,-0.2824097813055711,-0.2782049673917053,2.4263410052640952,4.147624434350197,-0.27830535153798636,-0.2783091534623943
woodblock-1.wav,-0.8087617221191696,-0.20952921232521626,-0.2745698710312038,-0.2940551210729682,-0.28273100407869084,-0.2580428857491361,-0.24192145688698216,-0.24180061067640404,-0.25112688871403477,-0.25752767574934915,-0.2582810876126631,-0.2567667044996774,-0.2569631449842457,-0.2594464638702052,-0.26121836607008453,-0.2599307962863926,-0.2578324326901274,-0.25960496904559716,-0.2615199238460515,-0.2609066856085907,-0.2588785960901813,2.2908975011491584,4.198313992175377,-0.25890936130911824,-0.2588865130084462
woodblock-2.wav,-0.6694922754120622,-0.21916026743609518,-0.27789380166987415,-0.2919942394179576,-0.28200107924291057,-0.26454892390769086,-0.25068991416874153,-0.2478417025695772,-0.2545706384788389,-0.2610083796394452,-0.26231513461196687,-0.2609886447519019,-0.26130365125101956,-0.2628351892696866,-0.26303174139533564,-0.2621184393453894,-0.2624661546105736,-0.2646985451755722,-0.26489019728466406,-0.26372890165897306,-0.26205938224653,2.1351309255896167,4.298703072830131,-0.26208425360234044,-0.2621125412726009
woodblock-3.wav,-0.6825576263901624,-0.21200490465386262,-0.28578656541805464,-0.30182337822420713,-0.28629747987905196,-0.26418903792187315,-0.24886194358570976,-0.24611026841319936,-0.2533593475320738,-0.26014067816692427,-0.26227072948232266,-0.26242423311089474,-0.26356295522514783,-0.26478406706843094,-0.26467118504999876,-0.2637096702697631,-0.2640247964546802,-0.2663335639748014,-0.26683682525030605,-0.2655603043934077,-0.2634030179068572,2.2288000608691876,4.24680373873536,-0.26343039325690965,-0.2634608279759091
xylophone-1.wav,-0.5244730529893743,-0.25539240876021585,-0.3170353994672988,-0.276883519547061,-0.277192782608262,-0.2896242115744972,-0.27731809055566853,-0.282524354113184,-0.28057522523790074,-0.2764667100195498,-0.28319828113899415,-0.27940814459544483,-0.2786639415845064,-0.28274721874119074,-0.2810351520620971,-0.2819254871826624,-0.28121992066188256,-0.28017047599727507,-0.2824417080626579,-0.2807954543998221,-0.28152481153364267,2.8863076654637028,3.8276239260589957,-0.2816455988252513,-0.2816696418642586
xylophone-2.wav,-0.5647666817430677,-0.2582231451116521,-0.3052458615106352,-0.2795069782663728,-0.280126619996271,-0.2847132614936418,-0.2793313104817066,-0.27977815092815556,-0.2808688178526368,-0.27758170521776954,-0.2757472380112514,-0.27925930718343844,-0.27671788153442156,-0.2771964300204951,-0.2779274225283568,-0.2759711701213617,-0.2792472928135163,-0.27876351538697636,-0.2777835592307438,-0.27911035620228913,-0.27879499797354135,2.8567387977334757,3.8477799301537656,-0.27892342630680944,-0.2789335979721312
xylophone-3.wav,-0.6736809654358692,-0.1880086937215287,-0.32187096057914727,-0.25611994583140424,-0.2714577633227736,-0.2812774919131493,-0.26557226442656146,-0.26377107718850684,-0.2673010722491764,-0.2686625200391166,-0.25985360404628927,-0.2598724673319559,-0.25399414873239645,-0.2585043577886578,-0.2604792641246762,-0.2550295171926334,-0.25796696357753024,-0.25815042894895834,-0.26247767432079133,-0.25984887361204123,-0.26285661739911464,2.134545663742047,4.297974759395333,-0.26284905582285506,-0.2629146955322474
xylophone-4.wav,-0.9159830019636394,-0.16963420589470796,-0.2962878267980004,-0.28387780343876445,-0.29244913855453014,-0.24286565925126097,-0.21831364941942877,-0.2307420214218652,-0.23250180423895087,-0.25986340936257274,-0.2687549246967012,-0.2688148580621279,-0.28246272396811406,-0.28158799459499506,-0.2610200308837724,-0.24316959803236107,-0.2380503797512349,-0.2536753940870181,-0.2789590800119912,-0.27838278140362194,-0.2720107536664843,2.6750029891442195,3.9385272040825137,-0.2720072103457953,-0.27211594337879497
xylophone-5.wav,-0.9049049525354648,-0.162665675454448,-0.30184175511608374,-0.28993852271203713,-0.29946666237461367,-0.24497794002657416,-0.21168217120360064,-0.2163009601639415,-0.22337948392180632,-0.272742034840952,-0.2900837189090853,-0.2732756358225074,-0.2701466097580584,-0.26386891057063216,-0.24835318494415617,-0.2520814158074957,-0.26003275160524214,-0.26290275966916643,-0.2744696648124933,-0.2680294255719205,-0.27195281028110085,2.6498082668907754,3.957268228527359,-0.2719238323548819,-0.27205561696187064
